[
  {
    "id": "491c54ba-3f7f-43ff-ac7e-6fdae23de34e",
    "data": [
      {
        "text": "I\u0027m unhappy",
        "userDefined": false
      }
    ],
    "isTemplate": false,
    "count": 0,
    "updated": 0
  },
  {
    "id": "0da64752-3aa9-4b52-b782-4ead3180c422",
    "data": [
      {
        "text": "I\u0027m grieving",
        "userDefined": false
      }
    ],
    "isTemplate": false,
    "count": 0,
    "updated": 0
  },
  {
    "id": "f56fc4c6-72f8-4635-a9d5-a8b356c77532",
    "data": [
      {
        "text": "I",
        "meta": "@sys.ignore",
        "userDefined": false
      },
      {
        "text": " want ",
        "userDefined": false
      },
      {
        "text": "to",
        "meta": "@sys.ignore",
        "userDefined": false
      },
      {
        "text": " cry",
        "userDefined": false
      }
    ],
    "isTemplate": false,
    "count": 0,
    "updated": 0
  },
  {
    "id": "11dc6265-fd25-4e16-8bc1-d6bf23952edb",
    "data": [
      {
        "text": "I am upset",
        "userDefined": false
      }
    ],
    "isTemplate": false,
    "count": 0,
    "updated": 0
  },
  {
    "id": "535ca465-8b4b-4430-93a2-268b692a58a3",
    "data": [
      {
        "text": "I\u0027m having a bad day",
        "userDefined": false
      }
    ],
    "isTemplate": false,
    "count": 0,
    "updated": 0
  },
  {
    "id": "ee80c3c4-a4e3-4f1b-b9dd-75f73d383747",
    "data": [
      {
        "text": "I am feeling sad",
        "userDefined": false
      }
    ],
    "isTemplate": false,
    "count": 0,
    "updated": 0
  },
  {
    "id": "e6ebb752-9afd-4a51-9287-f9a29f885c44",
    "data": [
      {
        "text": "I am depressed",
        "userDefined": false
      }
    ],
    "isTemplate": false,
    "count": 0,
    "updated": 0
  },
  {
    "id": "d76650c5-b553-45d6-9181-df5e04cd73ad",
    "data": [
      {
        "text": "I am sad",
        "userDefined": false
      }
    ],
    "isTemplate": false,
    "count": 0,
    "updated": 0
  },
  {
    "id": "52465a4b-53c6-4b31-ba45-4f2473b90f36",
    "data": [
      {
        "text": "I\u0027m not happy",
        "userDefined": false
      }
    ],
    "isTemplate": false,
    "count": 0,
    "updated": 0
  }
]