[
  {
    "id": "46211364-d209-4145-8002-024d4f6c7089",
    "data": [
      {
        "text": "ha",
        "userDefined": false
      }
    ],
    "isTemplate": false,
    "count": 0,
    "updated": 0
  },
  {
    "id": "0d99e6cc-9f55-4bbf-afce-67b8ad35f7fb",
    "data": [
      {
        "text": "hehehe",
        "userDefined": false
      }
    ],
    "isTemplate": false,
    "count": 0,
    "updated": 0
  },
  {
    "id": "2a712f37-705a-402c-afaf-6fa2fb47f400",
    "data": [
      {
        "text": "hahaha",
        "userDefined": false
      }
    ],
    "isTemplate": false,
    "count": 1,
    "updated": 0
  },
  {
    "id": "876a545e-be27-4654-82e7-d7d9fbf09874",
    "data": [
      {
        "text": "ahahah",
        "userDefined": false
      }
    ],
    "isTemplate": false,
    "count": 0,
    "updated": 0
  },
  {
    "id": "fc10e7c3-5e8b-4a75-976e-33c8284369ae",
    "data": [
      {
        "text": "haha",
        "userDefined": false
      }
    ],
    "isTemplate": false,
    "count": 0,
    "updated": 0
  },
  {
    "id": "662ae77b-1868-4e2f-b6f1-d49680844fe4",
    "data": [
      {
        "text": "ha ha ha",
        "userDefined": false
      }
    ],
    "isTemplate": false,
    "count": 0,
    "updated": 0
  },
  {
    "id": "df93b46b-8dfe-4447-b80c-6745c60b28c4",
    "data": [
      {
        "text": "hah",
        "userDefined": false
      }
    ],
    "isTemplate": false,
    "count": 0,
    "updated": 0
  },
  {
    "id": "7b96bf26-e45a-4f0f-9c44-864e750ffab6",
    "data": [
      {
        "text": "xd",
        "userDefined": false
      }
    ],
    "isTemplate": false,
    "count": 0,
    "updated": 0
  },
  {
    "id": "3ba902b3-2d82-4d34-ae0a-37ae19113a72",
    "data": [
      {
        "text": "haha haha haha",
        "userDefined": false
      }
    ],
    "isTemplate": false,
    "count": 0,
    "updated": 0
  },
  {
    "id": "5a21daef-bb66-462e-9f44-e2e9eb9884b5",
    "data": [
      {
        "text": "ahahaha",
        "userDefined": false
      }
    ],
    "isTemplate": false,
    "count": 0,
    "updated": 0
  },
  {
    "id": "4a4337fc-e213-43af-a2ed-e221b67f571f",
    "data": [
      {
        "text": "ah",
        "userDefined": false
      }
    ],
    "isTemplate": false,
    "count": 0,
    "updated": 0
  },
  {
    "id": "5fe9a444-3483-4342-a621-0598e3f5cf68",
    "data": [
      {
        "text": "lol",
        "userDefined": false
      }
    ],
    "isTemplate": false,
    "count": 0,
    "updated": 0
  },
  {
    "id": "15549636-8fd3-4d6a-85c0-c2e2e9a29dc7",
    "data": [
      {
        "text": "LMAO",
        "userDefined": false
      }
    ],
    "isTemplate": false,
    "count": 1,
    "updated": 0
  },
  {
    "id": "7c945b2f-b704-4988-b0a4-b7d989b0b05c",
    "data": [
      {
        "text": "hahaha very ",
        "userDefined": false
      },
      {
        "text": "funny",
        "meta": "@sys.ignore",
        "userDefined": false
      }
    ],
    "isTemplate": false,
    "count": 0,
    "updated": 0
  },
  {
    "id": "c38f7fc4-350d-41a6-8860-df18670bdaa6",
    "data": [
      {
        "text": "that\u0027s ",
        "userDefined": false
      },
      {
        "text": "funny",
        "meta": "@sys.ignore",
        "userDefined": true
      }
    ],
    "isTemplate": false,
    "count": 0,
    "updated": 0
  },
  {
    "id": "5bb19f8d-4102-438a-9243-c9af0f3f2d2a",
    "data": [
      {
        "text": "huh",
        "meta": "@sys.ignore",
        "userDefined": false
      }
    ],
    "isTemplate": false,
    "count": 0,
    "updated": 0
  },
  {
    "id": "087b5225-a709-409e-87d1-9a96d7a2339b",
    "data": [
      {
        "text": "haha very ",
        "userDefined": false
      },
      {
        "text": "funny",
        "meta": "@sys.ignore",
        "userDefined": false
      }
    ],
    "isTemplate": false,
    "count": 0,
    "updated": 0
  },
  {
    "id": "98f5df88-edef-42fd-94d1-671789e8a435",
    "data": [
      {
        "text": "haha ",
        "userDefined": false
      },
      {
        "text": "funny",
        "meta": "@sys.ignore",
        "userDefined": false
      }
    ],
    "isTemplate": false,
    "count": 0,
    "updated": 0
  },
  {
    "id": "36c6f8c1-acf0-4778-88cd-4b023f155cb8",
    "data": [
      {
        "text": "ha ha ha ha",
        "userDefined": false
      }
    ],
    "isTemplate": false,
    "count": 0,
    "updated": 0
  },
  {
    "id": "c5195056-1972-4ee9-9c20-617b700d9803",
    "data": [
      {
        "text": "ahah",
        "userDefined": false
      }
    ],
    "isTemplate": false,
    "count": 0,
    "updated": 0
  },
  {
    "id": "5e27f34f-b740-47e7-8315-cb87e2583f92",
    "data": [
      {
        "text": "laughing out ",
        "userDefined": false
      },
      {
        "text": "loud",
        "meta": "@sys.ignore",
        "userDefined": true
      }
    ],
    "isTemplate": false,
    "count": 0,
    "updated": 0
  },
  {
    "id": "ebb83cfb-66d1-44c5-8b37-d9445e724608",
    "data": [
      {
        "text": "haha that\u0027s ",
        "userDefined": false
      },
      {
        "text": "funny",
        "meta": "@sys.ignore",
        "userDefined": false
      }
    ],
    "isTemplate": false,
    "count": 0,
    "updated": 0
  },
  {
    "id": "22d32afc-bcbd-4fae-b896-96e8a9d2b872",
    "data": [
      {
        "text": "ahaha",
        "userDefined": false
      }
    ],
    "isTemplate": false,
    "count": 0,
    "updated": 0
  },
  {
    "id": "0bcbde9b-4b10-4eef-a43d-74fcd4b756fb",
    "data": [
      {
        "text": "he",
        "userDefined": false
      }
    ],
    "isTemplate": false,
    "count": 0,
    "updated": 0
  },
  {
    "id": "0eb80777-6107-4d13-80e3-d43a1081a078",
    "data": [
      {
        "text": "lmao",
        "userDefined": false
      }
    ],
    "isTemplate": false,
    "count": 0,
    "updated": 0
  },
  {
    "id": "ddc611f7-d5de-40fd-bb75-3c977dbec049",
    "data": [
      {
        "text": "hahaha ",
        "userDefined": false
      },
      {
        "text": "funny",
        "meta": "@sys.ignore",
        "userDefined": false
      }
    ],
    "isTemplate": false,
    "count": 0,
    "updated": 0
  },
  {
    "id": "73897c8c-e1e6-4b54-a2b8-9fbdde00c68d",
    "data": [
      {
        "text": "ahah lol",
        "userDefined": false
      }
    ],
    "isTemplate": false,
    "count": 0,
    "updated": 0
  },
  {
    "id": "51d7425f-c6fd-4c80-a504-41786e2a7848",
    "data": [
      {
        "text": "ha ha",
        "userDefined": false
      }
    ],
    "isTemplate": false,
    "count": 0,
    "updated": 0
  },
  {
    "id": "eb62f3dd-fb62-4493-bb79-dcd1a955f39e",
    "data": [
      {
        "text": "hehe",
        "userDefined": false
      }
    ],
    "isTemplate": false,
    "count": 0,
    "updated": 0
  },
  {
    "id": "2f9f2e46-7e79-4140-8365-1f09703e1d77",
    "data": [
      {
        "text": "ah ah ah",
        "userDefined": false
      }
    ],
    "isTemplate": false,
    "count": 0,
    "updated": 0
  }
]