[
  {
    "id": "420b4b17-20cf-4388-a35d-a3c209fe57f0",
    "data": [
      {
        "text": "woah",
        "userDefined": false
      }
    ],
    "isTemplate": false,
    "count": 0,
    "updated": 0
  },
  {
    "id": "be35c745-3957-4500-a7cd-b84c7b3d945f",
    "data": [
      {
        "text": "wow wow wow",
        "userDefined": false
      }
    ],
    "isTemplate": false,
    "count": 0,
    "updated": 0
  },
  {
    "id": "3241a7b4-7d24-47b4-8713-a0c171f54c63",
    "data": [
      {
        "text": "wow",
        "userDefined": false
      }
    ],
    "isTemplate": false,
    "count": 0,
    "updated": 0
  },
  {
    "id": "b3a2ce14-603a-4b41-992a-7fb95377b412",
    "data": [
      {
        "text": "wooow",
        "userDefined": false
      }
    ],
    "isTemplate": false,
    "count": 0,
    "updated": 0
  },
  {
    "id": "4bcced65-1158-4d85-ab47-231886b487df",
    "data": [
      {
        "text": "wow wow",
        "userDefined": false
      }
    ],
    "isTemplate": false,
    "count": 0,
    "updated": 0
  }
]