[
  {
    "id": "a532a7f6-250e-4916-9c9d-783cd6ad54e0",
    "data": [
      {
        "text": "no problem",
        "userDefined": false
      }
    ],
    "isTemplate": false,
    "count": 0,
    "updated": 0
  },
  {
    "id": "6e57ebd6-5c9b-4bfe-8681-3191a83874ca",
    "data": [
      {
        "text": "no problem about that",
        "userDefined": false
      }
    ],
    "isTemplate": false,
    "count": 0,
    "updated": 0
  },
  {
    "id": "8a081c6e-9258-4775-b035-3f41f1748e12",
    "data": [
      {
        "text": "no probs",
        "userDefined": false
      }
    ],
    "isTemplate": false,
    "count": 0,
    "updated": 0
  },
  {
    "id": "cd90f88c-af71-47ea-9f95-7ddc87f1a539",
    "data": [
      {
        "text": "don",
        "meta": "@sys.ignore",
        "userDefined": false
      },
      {
        "text": "\u0027t worry",
        "userDefined": false
      }
    ],
    "isTemplate": false,
    "count": 0,
    "updated": 0
  },
  {
    "id": "33b44fc2-484f-4876-9890-65b72b77d2e5",
    "data": [
      {
        "text": "no worries",
        "userDefined": false
      }
    ],
    "isTemplate": false,
    "count": 0,
    "updated": 0
  },
  {
    "id": "5847d315-1921-46e8-a3bf-2371a39389da",
    "data": [
      {
        "text": "don\u0027t",
        "meta": "@sys.ignore",
        "userDefined": false
      },
      {
        "text": " worry there\u0027s no problem",
        "userDefined": false
      }
    ],
    "isTemplate": false,
    "count": 0,
    "updated": 0
  },
  {
    "id": "4633b036-056d-45e9-b2a2-2199207b9f91",
    "data": [
      {
        "text": "sure",
        "meta": "@sys.ignore",
        "userDefined": false
      },
      {
        "text": " no problem",
        "userDefined": false
      }
    ],
    "isTemplate": false,
    "count": 0,
    "updated": 0
  },
  {
    "id": "85290f23-400e-4ae6-a877-a62ccf01869f",
    "data": [
      {
        "text": "there\u0027s no problem",
        "userDefined": false
      }
    ],
    "isTemplate": false,
    "count": 0,
    "updated": 0
  }
]